{
    "navs": [
        {
            "name": "流量分析",
            "subname": "flow analysis",
            "icon": ""
            "children": [
                "name": "P2P流量分析",
                "url": ""
            ] 
        },
        {
            "name": "共享检测",
            "subname": "flow analysis",
            "icon": ""
            "children": [
                "name": "查看报表",
                "url": ""
            ] 
        },
        {
            "name": "信息推送",
            "subname": "flow analysis",
            "icon": ""
            "url": "a.html"
        }
    ],
}